﻿<ArrayOfTask xmlns="http://schemas.datacontract.org/2004/07/PMS.Core" xmlns:i="http://www.w3.org/2001/XMLSchema-instance"><Task i:type="BasicTask"><CounterInstance><Counter i:type="PerfMonCounter"><Id>1</Id><FriendlyName>CPU Usage</FriendlyName><IsInteger>false</IsInteger><Category>Processor</Category><Name>% Processor Time</Name><Instance>_Total</Instance></Counter><Machine>CHELLILISRC101</Machine><RunId i:nil="true"/><Started i:nil="true"/><LastFetched i:nil="true"/><LastHeartBeat i:nil="true"/></CounterInstance><Interval>600</Interval><Status>NotCreated</Status></Task><Task i:type="BasicTask"><CounterInstance><Counter i:type="PerfMonCounter"><Id>2</Id><FriendlyName>Memory Pages/sec</FriendlyName><IsInteger>false</IsInteger><Category>Memory</Category><Name>Pages/sec</Name><Instance/></Counter><Machine>CHELLILISRC101</Machine><RunId i:nil="true"/><Started i:nil="true"/><LastFetched i:nil="true"/><LastHeartBeat i:nil="true"/></CounterInstance><Interval>600</Interval><Status>NotCreated</Status></Task><Task i:type="BasicTask"><CounterInstance><Counter i:type="PerfMonCounter"><Id>3</Id><FriendlyName>PhysicalDisk Avg. Disk Queue Length</FriendlyName><IsInteger>false</IsInteger><Category>PhysicalDisk</Category><Name>Avg. Disk Queue Length</Name><Instance>_Total</Instance></Counter><Machine>CHELLILISRC101</Machine><RunId i:nil="true"/><Started i:nil="true"/><LastFetched i:nil="true"/><LastHeartBeat i:nil="true"/></CounterInstance><Interval>600</Interval><Status>NotCreated</Status></Task><Task i:type="BasicTask"><CounterInstance><Counter i:type="PerfMonCounter"><Id>4</Id><FriendlyName>Sandboxlib PageManager Free Pages</FriendlyName><IsInteger>true</IsInteger><Category>Sandboxlib: General Counters</Category><Name>PageManager Free Pages</Name><Instance/></Counter><Machine>CHELLILISRC101</Machine><RunId i:nil="true"/><Started i:nil="true"/><LastFetched i:nil="true"/><LastHeartBeat i:nil="true"/></CounterInstance><Interval>600</Interval><Status>NotCreated</Status></Task><Task i:type="BasicTask"><CounterInstance><Counter i:type="PerfMonCounter"><Id>5</Id><FriendlyName>Availbale Memory (MBytes)</FriendlyName><IsInteger>true</IsInteger><Category>Memory</Category><Name>Available MBytes</Name><Instance/></Counter><Machine>CHELLILISRC101</Machine><RunId i:nil="true"/><Started i:nil="true"/><LastFetched i:nil="true"/><LastHeartBeat i:nil="true"/></CounterInstance><Interval>600</Interval><Status>NotCreated</Status></Task><Task i:type="BasicTask"><CounterInstance><Counter i:type="PerfMonCounter"><Id>6</Id><FriendlyName>Lisp Thread Count</FriendlyName><IsInteger>true</IsInteger><Category>Process</Category><Name>Thread Count</Name><Instance>lisp</Instance></Counter><Machine>CHELLILISRC101</Machine><RunId i:nil="true"/><Started i:nil="true"/><LastFetched i:nil="true"/><LastHeartBeat i:nil="true"/></CounterInstance><Interval>600</Interval><Status>NotCreated</Status></Task><Task i:type="BasicTask"><CounterInstance><Counter i:type="PerfMonCounter"><Id>7</Id><FriendlyName>Virtual Bytes Lisp</FriendlyName><IsInteger>false</IsInteger><Category>Process</Category><Name>Virtual Bytes</Name><Instance>lisp</Instance></Counter><Machine>CHELLILISRC101</Machine><RunId i:nil="true"/><Started i:nil="true"/><LastFetched i:nil="true"/><LastHeartBeat i:nil="true"/></CounterInstance><Interval>600</Interval><Status>NotCreated</Status></Task><Task i:type="BasicTask"><CounterInstance><Counter i:type="PerfMonCounter"><Id>8</Id><FriendlyName>Private Bytes Lisp</FriendlyName><IsInteger>false</IsInteger><Category>Process</Category><Name>Private Bytes</Name><Instance>lisp</Instance></Counter><Machine>CHELLILISRC101</Machine><RunId i:nil="true"/><Started i:nil="true"/><LastFetched i:nil="true"/><LastHeartBeat i:nil="true"/></CounterInstance><Interval>600</Interval><Status>NotCreated</Status></Task><Task i:type="BasicTask"><CounterInstance><Counter i:type="PerfMonCounter"><Id>9</Id><FriendlyName>Virtual Bytes LsRouterSP</FriendlyName><IsInteger>false</IsInteger><Category>Process</Category><Name>Virtual Bytes</Name><Instance>lsroutersp</Instance></Counter><Machine>CHELLILISRC101</Machine><RunId i:nil="true"/><Started i:nil="true"/><LastFetched i:nil="true"/><LastHeartBeat i:nil="true"/></CounterInstance><Interval>600</Interval><Status>NotCreated</Status></Task><Task i:type="BasicTask"><CounterInstance><Counter i:type="PerfMonCounter"><Id>10</Id><FriendlyName>Private Bytes LsRouterSP</FriendlyName><IsInteger>false</IsInteger><Category>Process</Category><Name>Private Bytes</Name><Instance>lsroutersp</Instance></Counter><Machine>CHELLILISRC101</Machine><RunId i:nil="true"/><Started i:nil="true"/><LastFetched i:nil="true"/><LastHeartBeat i:nil="true"/></CounterInstance><Interval>600</Interval><Status>NotCreated</Status></Task><Task i:type="BasicTask"><CounterInstance><Counter i:type="PerfMonCounter"><Id>11</Id><FriendlyName>MsTravob Thread Count</FriendlyName><IsInteger>true</IsInteger><Category>Process</Category><Name>Thread Count</Name><Instance>MsTravob</Instance></Counter><Machine>CHELLILISRC101</Machine><RunId i:nil="true"/><Started i:nil="true"/><LastFetched i:nil="true"/><LastHeartBeat i:nil="true"/></CounterInstance><Interval>600</Interval><Status>NotCreated</Status></Task><Task i:type="BasicTask"><CounterInstance><Counter i:type="PerfMonCounter"><Id>12</Id><FriendlyName>Virtual Bytes MsTravob</FriendlyName><IsInteger>false</IsInteger><Category>Process</Category><Name>Virtual Bytes</Name><Instance>MsTravob</Instance></Counter><Machine>CHELLILISRC101</Machine><RunId i:nil="true"/><Started i:nil="true"/><LastFetched i:nil="true"/><LastHeartBeat i:nil="true"/></CounterInstance><Interval>600</Interval><Status>NotCreated</Status></Task><Task i:type="BasicTask"><CounterInstance><Counter i:type="PerfMonCounter"><Id>13</Id><FriendlyName>Private Bytes MsTravob</FriendlyName><IsInteger>false</IsInteger><Category>Process</Category><Name>Private Bytes</Name><Instance>MsTravob</Instance></Counter><Machine>CHELLILISRC101</Machine><RunId i:nil="true"/><Started i:nil="true"/><LastFetched i:nil="true"/><LastHeartBeat i:nil="true"/></CounterInstance><Interval>600</Interval><Status>NotCreated</Status></Task><Task i:type="BasicTask"><CounterInstance><Counter i:type="PerfMonCounter"><Id>1</Id><FriendlyName>CPU Usage</FriendlyName><IsInteger>false</IsInteger><Category>Processor</Category><Name>% Processor Time</Name><Instance>_Total</Instance></Counter><Machine>CHELLILISQ0402</Machine><RunId i:nil="true"/><Started>2014-12-15T23:23:15.2871878-08:00</Started><LastFetched>2015-01-05T23:07:14.4324405-08:00</LastFetched><LastHeartBeat>2014-12-15T23:26:45.8898878-08:00</LastHeartBeat></CounterInstance><Interval>600</Interval><Status>Standby</Status></Task><Task i:type="BasicTask"><CounterInstance><Counter i:type="PerfMonCounter"><Id>2</Id><FriendlyName>Memory Pages/sec</FriendlyName><IsInteger>false</IsInteger><Category>Memory</Category><Name>Pages/sec</Name><Instance/></Counter><Machine>CHELLILISQ0402</Machine><RunId i:nil="true"/><Started>2014-12-15T23:23:15.3183882-08:00</Started><LastFetched>2015-01-05T23:07:14.4324405-08:00</LastFetched><LastHeartBeat>2014-12-15T23:26:45.8898878-08:00</LastHeartBeat></CounterInstance><Interval>600</Interval><Status>Standby</Status></Task><Task i:type="BasicTask"><CounterInstance><Counter i:type="PerfMonCounter"><Id>3</Id><FriendlyName>PhysicalDisk Avg. Disk Queue Length</FriendlyName><IsInteger>false</IsInteger><Category>PhysicalDisk</Category><Name>Avg. Disk Queue Length</Name><Instance>_Total</Instance></Counter><Machine>CHELLILISQ0402</Machine><RunId i:nil="true"/><Started>2014-12-15T23:23:15.3183882-08:00</Started><LastFetched>2015-01-05T23:07:14.2764405-08:00</LastFetched><LastHeartBeat>2014-12-15T23:26:45.8898878-08:00</LastHeartBeat></CounterInstance><Interval>600</Interval><Status>Standby</Status></Task><Task i:type="BasicTask"><CounterInstance><Counter i:type="PerfMonCounter"><Id>4</Id><FriendlyName>Sandboxlib PageManager Free Pages</FriendlyName><IsInteger>true</IsInteger><Category>Sandboxlib: General Counters</Category><Name>PageManager Free Pages</Name><Instance/></Counter><Machine>CHELLILISQ0402</Machine><RunId i:nil="true"/><Started>2014-12-15T23:23:15.2091868-08:00</Started><LastFetched i:nil="true"/><LastHeartBeat>2014-12-15T23:26:45.8898878-08:00</LastHeartBeat></CounterInstance><Interval>600</Interval><Status>Faulted</Status></Task><Task i:type="BasicTask"><CounterInstance><Counter i:type="PerfMonCounter"><Id>5</Id><FriendlyName>Availbale Memory (MBytes)</FriendlyName><IsInteger>true</IsInteger><Category>Memory</Category><Name>Available MBytes</Name><Instance/></Counter><Machine>CHELLILISQ0402</Machine><RunId i:nil="true"/><Started>2014-12-15T23:23:15.302788-08:00</Started><LastFetched>2015-01-05T23:07:14.4324405-08:00</LastFetched><LastHeartBeat>2014-12-15T23:26:45.8898878-08:00</LastHeartBeat></CounterInstance><Interval>600</Interval><Status>Standby</Status></Task><Task i:type="BasicTask"><CounterInstance><Counter i:type="PerfMonCounter"><Id>6</Id><FriendlyName>Lisp Thread Count</FriendlyName><IsInteger>true</IsInteger><Category>Process</Category><Name>Thread Count</Name><Instance>lisp</Instance></Counter><Machine>CHELLILISQ0402</Machine><RunId i:nil="true"/><Started>2014-12-15T23:23:15.3183882-08:00</Started><LastFetched>2015-01-05T23:07:14.4480405-08:00</LastFetched><LastHeartBeat>2014-12-15T23:26:45.8898878-08:00</LastHeartBeat></CounterInstance><Interval>600</Interval><Status>Standby</Status></Task><Task i:type="BasicTask"><CounterInstance><Counter i:type="PerfMonCounter"><Id>7</Id><FriendlyName>Virtual Bytes Lisp</FriendlyName><IsInteger>false</IsInteger><Category>Process</Category><Name>Virtual Bytes</Name><Instance>lisp</Instance></Counter><Machine>CHELLILISQ0402</Machine><RunId i:nil="true"/><Started>2014-12-15T23:23:15.3183882-08:00</Started><LastFetched>2015-01-05T23:07:14.7288405-08:00</LastFetched><LastHeartBeat>2014-12-15T23:26:45.8898878-08:00</LastHeartBeat></CounterInstance><Interval>600</Interval><Status>Standby</Status></Task><Task i:type="BasicTask"><CounterInstance><Counter i:type="PerfMonCounter"><Id>8</Id><FriendlyName>Private Bytes Lisp</FriendlyName><IsInteger>false</IsInteger><Category>Process</Category><Name>Private Bytes</Name><Instance>lisp</Instance></Counter><Machine>CHELLILISQ0402</Machine><RunId i:nil="true"/><Started>2014-12-15T23:23:15.3183882-08:00</Started><LastFetched>2015-01-05T23:07:14.4480405-08:00</LastFetched><LastHeartBeat>2014-12-15T23:26:45.8898878-08:00</LastHeartBeat></CounterInstance><Interval>600</Interval><Status>Standby</Status></Task><Task i:type="BasicTask"><CounterInstance><Counter i:type="PerfMonCounter"><Id>9</Id><FriendlyName>Virtual Bytes LsRouterSP</FriendlyName><IsInteger>false</IsInteger><Category>Process</Category><Name>Virtual Bytes</Name><Instance>lsroutersp</Instance></Counter><Machine>CHELLILISQ0402</Machine><RunId i:nil="true"/><Started>2014-12-15T23:23:15.3183882-08:00</Started><LastFetched>2015-01-05T23:07:14.4480405-08:00</LastFetched><LastHeartBeat>2014-12-15T23:26:45.8898878-08:00</LastHeartBeat></CounterInstance><Interval>600</Interval><Status>Standby</Status></Task><Task i:type="BasicTask"><CounterInstance><Counter i:type="PerfMonCounter"><Id>10</Id><FriendlyName>Private Bytes LsRouterSP</FriendlyName><IsInteger>false</IsInteger><Category>Process</Category><Name>Private Bytes</Name><Instance>lsroutersp</Instance></Counter><Machine>CHELLILISQ0402</Machine><RunId i:nil="true"/><Started>2014-12-15T23:23:15.2091868-08:00</Started><LastFetched>2014-12-02T16:35:47.7090755-08:00</LastFetched><LastHeartBeat>2014-12-15T23:26:45.8898878-08:00</LastHeartBeat></CounterInstance><Interval>600</Interval><Status>Faulted</Status></Task><Task i:type="BasicTask"><CounterInstance><Counter i:type="PerfMonCounter"><Id>11</Id><FriendlyName>MsTravob Thread Count</FriendlyName><IsInteger>true</IsInteger><Category>Process</Category><Name>Thread Count</Name><Instance>MsTravob</Instance></Counter><Machine>CHELLILISQ0402</Machine><RunId i:nil="true"/><Started>2014-12-15T23:23:15.302788-08:00</Started><LastFetched>2015-01-05T23:07:14.4480405-08:00</LastFetched><LastHeartBeat>2014-12-15T23:26:45.8898878-08:00</LastHeartBeat></CounterInstance><Interval>600</Interval><Status>Standby</Status></Task><Task i:type="BasicTask"><CounterInstance><Counter i:type="PerfMonCounter"><Id>12</Id><FriendlyName>Virtual Bytes MsTravob</FriendlyName><IsInteger>false</IsInteger><Category>Process</Category><Name>Virtual Bytes</Name><Instance>MsTravob</Instance></Counter><Machine>CHELLILISQ0402</Machine><RunId i:nil="true"/><Started>2014-12-15T23:23:15.2091868-08:00</Started><LastFetched>2014-12-02T17:15:42.6832278-08:00</LastFetched><LastHeartBeat>2014-12-15T23:26:45.8898878-08:00</LastHeartBeat></CounterInstance><Interval>600</Interval><Status>Faulted</Status></Task><Task i:type="BasicTask"><CounterInstance><Counter i:type="PerfMonCounter"><Id>13</Id><FriendlyName>Private Bytes MsTravob</FriendlyName><IsInteger>false</IsInteger><Category>Process</Category><Name>Private Bytes</Name><Instance>MsTravob</Instance></Counter><Machine>CHELLILISQ0402</Machine><RunId i:nil="true"/><Started>2014-12-15T23:23:15.2091868-08:00</Started><LastFetched>2014-12-02T17:15:42.6832278-08:00</LastFetched><LastHeartBeat>2014-12-15T23:26:45.8898878-08:00</LastHeartBeat></CounterInstance><Interval>600</Interval><Status>Faulted</Status></Task><Task i:type="BasicTask"><CounterInstance><Counter i:type="PerfMonCounter"><Id>1</Id><FriendlyName>CPU Usage</FriendlyName><IsInteger>false</IsInteger><Category>Processor</Category><Name>% Processor Time</Name><Instance>_Total</Instance></Counter><Machine>PHELLILISQ0901</Machine><RunId i:nil="true"/><Started i:nil="true"/><LastFetched i:nil="true"/><LastHeartBeat i:nil="true"/></CounterInstance><Interval>600</Interval><Status>NotCreated</Status></Task><Task i:type="BasicTask"><CounterInstance><Counter i:type="PerfMonCounter"><Id>2</Id><FriendlyName>Memory Pages/sec</FriendlyName><IsInteger>false</IsInteger><Category>Memory</Category><Name>Pages/sec</Name><Instance/></Counter><Machine>PHELLILISQ0901</Machine><RunId i:nil="true"/><Started>2014-12-10T03:28:53.8782508-08:00</Started><LastFetched>2014-11-20T18:59:16.6066624-08:00</LastFetched><LastHeartBeat>2014-12-10T03:41:54.137854-08:00</LastHeartBeat></CounterInstance><Interval>600</Interval><Status>Faulted</Status></Task><Task i:type="BasicTask"><CounterInstance><Counter i:type="PerfMonCounter"><Id>3</Id><FriendlyName>PhysicalDisk Avg. Disk Queue Length</FriendlyName><IsInteger>false</IsInteger><Category>PhysicalDisk</Category><Name>Avg. Disk Queue Length</Name><Instance>_Total</Instance></Counter><Machine>PHELLILISQ0901</Machine><RunId i:nil="true"/><Started i:nil="true"/><LastFetched i:nil="true"/><LastHeartBeat i:nil="true"/></CounterInstance><Interval>600</Interval><Status>NotCreated</Status></Task><Task i:type="BasicTask"><CounterInstance><Counter i:type="PerfMonCounter"><Id>4</Id><FriendlyName>Sandboxlib PageManager Free Pages</FriendlyName><IsInteger>true</IsInteger><Category>Sandboxlib: General Counters</Category><Name>PageManager Free Pages</Name><Instance/></Counter><Machine>PHELLILISQ0901</Machine><RunId i:nil="true"/><Started>2014-12-10T03:28:53.8782508-08:00</Started><LastFetched>2014-11-20T18:59:16.700263-08:00</LastFetched><LastHeartBeat>2014-12-10T03:41:54.137854-08:00</LastHeartBeat></CounterInstance><Interval>600</Interval><Status>Faulted</Status></Task><Task i:type="BasicTask"><CounterInstance><Counter i:type="PerfMonCounter"><Id>5</Id><FriendlyName>Availbale Memory (MBytes)</FriendlyName><IsInteger>true</IsInteger><Category>Memory</Category><Name>Available MBytes</Name><Instance/></Counter><Machine>PHELLILISQ0901</Machine><RunId i:nil="true"/><Started i:nil="true"/><LastFetched i:nil="true"/><LastHeartBeat i:nil="true"/></CounterInstance><Interval>600</Interval><Status>NotCreated</Status></Task><Task i:type="BasicTask"><CounterInstance><Counter i:type="PerfMonCounter"><Id>6</Id><FriendlyName>Lisp Thread Count</FriendlyName><IsInteger>true</IsInteger><Category>Process</Category><Name>Thread Count</Name><Instance>lisp</Instance></Counter><Machine>PHELLILISQ0901</Machine><RunId i:nil="true"/><Started>2014-12-10T03:28:53.8782508-08:00</Started><LastFetched>2014-11-20T18:59:16.700263-08:00</LastFetched><LastHeartBeat>2014-12-10T03:41:54.137854-08:00</LastHeartBeat></CounterInstance><Interval>600</Interval><Status>Faulted</Status></Task><Task i:type="BasicTask"><CounterInstance><Counter i:type="PerfMonCounter"><Id>7</Id><FriendlyName>Virtual Bytes Lisp</FriendlyName><IsInteger>false</IsInteger><Category>Process</Category><Name>Virtual Bytes</Name><Instance>lisp</Instance></Counter><Machine>PHELLILISQ0901</Machine><RunId i:nil="true"/><Started>2014-12-10T03:28:53.8782508-08:00</Started><LastFetched>2014-11-20T18:59:16.6846629-08:00</LastFetched><LastHeartBeat>2014-12-10T03:41:54.137854-08:00</LastHeartBeat></CounterInstance><Interval>600</Interval><Status>Faulted</Status></Task><Task i:type="BasicTask"><CounterInstance><Counter i:type="PerfMonCounter"><Id>8</Id><FriendlyName>Private Bytes Lisp</FriendlyName><IsInteger>false</IsInteger><Category>Process</Category><Name>Private Bytes</Name><Instance>lisp</Instance></Counter><Machine>PHELLILISQ0901</Machine><RunId i:nil="true"/><Started>2014-12-10T03:28:53.8782508-08:00</Started><LastFetched>2014-12-01T10:04:22.7903454-08:00</LastFetched><LastHeartBeat>2014-12-10T03:41:54.137854-08:00</LastHeartBeat></CounterInstance><Interval>600</Interval><Status>Faulted</Status></Task><Task i:type="BasicTask"><CounterInstance><Counter i:type="PerfMonCounter"><Id>9</Id><FriendlyName>Virtual Bytes LsRouterSP</FriendlyName><IsInteger>false</IsInteger><Category>Process</Category><Name>Virtual Bytes</Name><Instance>lsroutersp</Instance></Counter><Machine>PHELLILISQ0901</Machine><RunId i:nil="true"/><Started>2014-12-10T03:28:53.8782508-08:00</Started><LastFetched>2014-11-20T18:59:16.700263-08:00</LastFetched><LastHeartBeat>2014-12-10T03:41:54.137854-08:00</LastHeartBeat></CounterInstance><Interval>600</Interval><Status>Faulted</Status></Task><Task i:type="BasicTask"><CounterInstance><Counter i:type="PerfMonCounter"><Id>10</Id><FriendlyName>Private Bytes LsRouterSP</FriendlyName><IsInteger>false</IsInteger><Category>Process</Category><Name>Private Bytes</Name><Instance>lsroutersp</Instance></Counter><Machine>PHELLILISQ0901</Machine><RunId i:nil="true"/><Started>2014-12-10T03:28:53.8782508-08:00</Started><LastFetched>2014-12-10T10:22:17.0010602-08:00</LastFetched><LastHeartBeat>2014-12-10T03:41:54.137854-08:00</LastHeartBeat></CounterInstance><Interval>600</Interval><Status>Faulted</Status></Task><Task i:type="BasicTask"><CounterInstance><Counter i:type="PerfMonCounter"><Id>11</Id><FriendlyName>MsTravob Thread Count</FriendlyName><IsInteger>true</IsInteger><Category>Process</Category><Name>Thread Count</Name><Instance>MsTravob</Instance></Counter><Machine>PHELLILISQ0901</Machine><RunId i:nil="true"/><Started>2014-12-10T03:28:53.8782508-08:00</Started><LastFetched>2014-12-01T10:14:22.8169917-08:00</LastFetched><LastHeartBeat>2014-12-10T03:41:54.137854-08:00</LastHeartBeat></CounterInstance><Interval>600</Interval><Status>Faulted</Status></Task><Task i:type="BasicTask"><CounterInstance><Counter i:type="PerfMonCounter"><Id>12</Id><FriendlyName>Virtual Bytes MsTravob</FriendlyName><IsInteger>false</IsInteger><Category>Process</Category><Name>Virtual Bytes</Name><Instance>MsTravob</Instance></Counter><Machine>PHELLILISQ0901</Machine><RunId i:nil="true"/><Started>2014-12-10T03:28:53.8782508-08:00</Started><LastFetched>2014-11-20T18:59:16.700263-08:00</LastFetched><LastHeartBeat>2014-12-10T03:41:54.137854-08:00</LastHeartBeat></CounterInstance><Interval>600</Interval><Status>Faulted</Status></Task><Task i:type="BasicTask"><CounterInstance><Counter i:type="PerfMonCounter"><Id>13</Id><FriendlyName>Private Bytes MsTravob</FriendlyName><IsInteger>false</IsInteger><Category>Process</Category><Name>Private Bytes</Name><Instance>MsTravob</Instance></Counter><Machine>PHELLILISQ0901</Machine><RunId i:nil="true"/><Started>2014-12-10T03:28:53.8782508-08:00</Started><LastFetched>2014-12-01T10:14:22.8013916-08:00</LastFetched><LastHeartBeat>2014-12-10T03:41:54.137854-08:00</LastHeartBeat></CounterInstance><Interval>600</Interval><Status>Faulted</Status></Task><Task i:type="BasicTask"><CounterInstance><Counter i:type="PerfMonCounter"><Id>1</Id><FriendlyName>CPU Usage</FriendlyName><IsInteger>false</IsInteger><Category>Processor</Category><Name>% Processor Time</Name><Instance>_Total</Instance></Counter><Machine>PHELLSBLISST101</Machine><RunId i:nil="true"/><Started>2015-01-05T13:47:59.6468561-08:00</Started><LastFetched>2015-01-05T23:09:25.0980405-08:00</LastFetched><LastHeartBeat>2015-01-05T13:48:59.6756561-08:00</LastHeartBeat></CounterInstance><Interval>600</Interval><Status>Standby</Status></Task><Task i:type="BasicTask"><CounterInstance><Counter i:type="PerfMonCounter"><Id>2</Id><FriendlyName>Memory Pages/sec</FriendlyName><IsInteger>false</IsInteger><Category>Memory</Category><Name>Pages/sec</Name><Instance/></Counter><Machine>PHELLSBLISST101</Machine><RunId i:nil="true"/><Started>2015-01-05T13:47:59.6468561-08:00</Started><LastFetched>2015-01-05T23:09:25.0980405-08:00</LastFetched><LastHeartBeat>2015-01-05T13:48:59.6756561-08:00</LastHeartBeat></CounterInstance><Interval>600</Interval><Status>Standby</Status></Task><Task i:type="BasicTask"><CounterInstance><Counter i:type="PerfMonCounter"><Id>3</Id><FriendlyName>PhysicalDisk Avg. Disk Queue Length</FriendlyName><IsInteger>false</IsInteger><Category>PhysicalDisk</Category><Name>Avg. Disk Queue Length</Name><Instance>_Total</Instance></Counter><Machine>PHELLSBLISST101</Machine><RunId i:nil="true"/><Started>2015-01-05T13:47:59.6468561-08:00</Started><LastFetched>2015-01-05T23:09:25.0980405-08:00</LastFetched><LastHeartBeat>2015-01-05T13:48:59.6756561-08:00</LastHeartBeat></CounterInstance><Interval>600</Interval><Status>Standby</Status></Task><Task i:type="BasicTask"><CounterInstance><Counter i:type="PerfMonCounter"><Id>4</Id><FriendlyName>Sandboxlib PageManager Free Pages</FriendlyName><IsInteger>true</IsInteger><Category>Sandboxlib: General Counters</Category><Name>PageManager Free Pages</Name><Instance/></Counter><Machine>PHELLSBLISST101</Machine><RunId i:nil="true"/><Started>2015-01-05T13:47:59.6468561-08:00</Started><LastFetched>2014-12-02T16:51:59.673306-08:00</LastFetched><LastHeartBeat>2015-01-05T13:48:59.6756561-08:00</LastHeartBeat></CounterInstance><Interval>600</Interval><Status>Faulted</Status></Task><Task i:type="BasicTask"><CounterInstance><Counter i:type="PerfMonCounter"><Id>5</Id><FriendlyName>Availbale Memory (MBytes)</FriendlyName><IsInteger>true</IsInteger><Category>Memory</Category><Name>Available MBytes</Name><Instance/></Counter><Machine>PHELLSBLISST101</Machine><RunId i:nil="true"/><Started>2015-01-05T13:47:59.6468561-08:00</Started><LastFetched>2015-01-05T23:09:25.0980405-08:00</LastFetched><LastHeartBeat>2015-01-05T13:48:59.6756561-08:00</LastHeartBeat></CounterInstance><Interval>600</Interval><Status>Standby</Status></Task><Task i:type="BasicTask"><CounterInstance><Counter i:type="PerfMonCounter"><Id>6</Id><FriendlyName>Lisp Thread Count</FriendlyName><IsInteger>true</IsInteger><Category>Process</Category><Name>Thread Count</Name><Instance>lisp</Instance></Counter><Machine>PHELLSBLISST101</Machine><RunId i:nil="true"/><Started>2015-01-05T13:47:59.6468561-08:00</Started><LastFetched>2014-12-02T16:21:59.3593656-08:00</LastFetched><LastHeartBeat>2015-01-05T13:48:59.6756561-08:00</LastHeartBeat></CounterInstance><Interval>600</Interval><Status>Faulted</Status></Task><Task i:type="BasicTask"><CounterInstance><Counter i:type="PerfMonCounter"><Id>7</Id><FriendlyName>Virtual Bytes Lisp</FriendlyName><IsInteger>false</IsInteger><Category>Process</Category><Name>Virtual Bytes</Name><Instance>lisp</Instance></Counter><Machine>PHELLSBLISST101</Machine><RunId i:nil="true"/><Started>2015-01-05T13:47:59.6468561-08:00</Started><LastFetched>2014-12-02T16:21:59.3437655-08:00</LastFetched><LastHeartBeat>2015-01-05T13:48:59.6756561-08:00</LastHeartBeat></CounterInstance><Interval>600</Interval><Status>Faulted</Status></Task><Task i:type="BasicTask"><CounterInstance><Counter i:type="PerfMonCounter"><Id>8</Id><FriendlyName>Private Bytes Lisp</FriendlyName><IsInteger>false</IsInteger><Category>Process</Category><Name>Private Bytes</Name><Instance>lisp</Instance></Counter><Machine>PHELLSBLISST101</Machine><RunId i:nil="true"/><Started>2015-01-05T13:47:59.6468561-08:00</Started><LastFetched>2014-12-02T16:21:59.3437655-08:00</LastFetched><LastHeartBeat>2015-01-05T13:48:59.6756561-08:00</LastHeartBeat></CounterInstance><Interval>600</Interval><Status>Faulted</Status></Task><Task i:type="BasicTask"><CounterInstance><Counter i:type="PerfMonCounter"><Id>9</Id><FriendlyName>Virtual Bytes LsRouterSP</FriendlyName><IsInteger>false</IsInteger><Category>Process</Category><Name>Virtual Bytes</Name><Instance>lsroutersp</Instance></Counter><Machine>PHELLSBLISST101</Machine><RunId i:nil="true"/><Started>2015-01-05T13:47:59.6468561-08:00</Started><LastFetched>2014-12-02T16:21:59.3749657-08:00</LastFetched><LastHeartBeat>2015-01-05T13:48:59.6756561-08:00</LastHeartBeat></CounterInstance><Interval>600</Interval><Status>Faulted</Status></Task><Task i:type="BasicTask"><CounterInstance><Counter i:type="PerfMonCounter"><Id>10</Id><FriendlyName>Private Bytes LsRouterSP</FriendlyName><IsInteger>false</IsInteger><Category>Process</Category><Name>Private Bytes</Name><Instance>lsroutersp</Instance></Counter><Machine>PHELLSBLISST101</Machine><RunId i:nil="true"/><Started>2015-01-05T13:47:59.6468561-08:00</Started><LastFetched>2014-12-02T16:21:59.3593656-08:00</LastFetched><LastHeartBeat>2015-01-05T13:48:59.6756561-08:00</LastHeartBeat></CounterInstance><Interval>600</Interval><Status>Faulted</Status></Task><Task i:type="BasicTask"><CounterInstance><Counter i:type="PerfMonCounter"><Id>11</Id><FriendlyName>MsTravob Thread Count</FriendlyName><IsInteger>true</IsInteger><Category>Process</Category><Name>Thread Count</Name><Instance>MsTravob</Instance></Counter><Machine>PHELLSBLISST101</Machine><RunId i:nil="true"/><Started>2015-01-05T13:47:59.6468561-08:00</Started><LastFetched>2014-12-02T16:21:59.3749657-08:00</LastFetched><LastHeartBeat>2015-01-05T13:48:59.6756561-08:00</LastHeartBeat></CounterInstance><Interval>600</Interval><Status>Faulted</Status></Task><Task i:type="BasicTask"><CounterInstance><Counter i:type="PerfMonCounter"><Id>12</Id><FriendlyName>Virtual Bytes MsTravob</FriendlyName><IsInteger>false</IsInteger><Category>Process</Category><Name>Virtual Bytes</Name><Instance>MsTravob</Instance></Counter><Machine>PHELLSBLISST101</Machine><RunId i:nil="true"/><Started>2015-01-05T13:47:59.6468561-08:00</Started><LastFetched>2014-12-02T16:21:59.3593656-08:00</LastFetched><LastHeartBeat>2015-01-05T13:48:59.6756561-08:00</LastHeartBeat></CounterInstance><Interval>600</Interval><Status>Faulted</Status></Task><Task i:type="BasicTask"><CounterInstance><Counter i:type="PerfMonCounter"><Id>13</Id><FriendlyName>Private Bytes MsTravob</FriendlyName><IsInteger>false</IsInteger><Category>Process</Category><Name>Private Bytes</Name><Instance>MsTravob</Instance></Counter><Machine>PHELLSBLISST101</Machine><RunId i:nil="true"/><Started>2015-01-05T13:47:59.6468561-08:00</Started><LastFetched>2014-12-02T16:21:59.3593656-08:00</LastFetched><LastHeartBeat>2015-01-05T13:48:59.6756561-08:00</LastHeartBeat></CounterInstance><Interval>600</Interval><Status>Faulted</Status></Task><Task i:type="BasicTask"><CounterInstance><Counter i:type="PerfMonCounter"><Id>1</Id><FriendlyName>CPU Usage</FriendlyName><IsInteger>false</IsInteger><Category>Processor</Category><Name>% Processor Time</Name><Instance>_Total</Instance></Counter><Machine>PHELLSBLISST102</Machine><RunId i:nil="true"/><Started>2015-01-05T14:22:17.2244561-08:00</Started><LastFetched>2015-01-05T23:13:42.3888405-08:00</LastFetched><LastHeartBeat>2015-01-05T14:23:17.2532561-08:00</LastHeartBeat></CounterInstance><Interval>600</Interval><Status>Standby</Status></Task><Task i:type="BasicTask"><CounterInstance><Counter i:type="PerfMonCounter"><Id>2</Id><FriendlyName>Memory Pages/sec</FriendlyName><IsInteger>false</IsInteger><Category>Memory</Category><Name>Pages/sec</Name><Instance/></Counter><Machine>PHELLSBLISST102</Machine><RunId i:nil="true"/><Started>2015-01-05T14:22:17.2244561-08:00</Started><LastFetched>2015-01-05T23:13:42.4044405-08:00</LastFetched><LastHeartBeat>2015-01-05T14:23:17.2532561-08:00</LastHeartBeat></CounterInstance><Interval>600</Interval><Status>Standby</Status></Task><Task i:type="BasicTask"><CounterInstance><Counter i:type="PerfMonCounter"><Id>3</Id><FriendlyName>PhysicalDisk Avg. Disk Queue Length</FriendlyName><IsInteger>false</IsInteger><Category>PhysicalDisk</Category><Name>Avg. Disk Queue Length</Name><Instance>_Total</Instance></Counter><Machine>PHELLSBLISST102</Machine><RunId i:nil="true"/><Started>2015-01-05T14:22:17.2244561-08:00</Started><LastFetched>2015-01-05T23:13:42.3888405-08:00</LastFetched><LastHeartBeat>2015-01-05T14:23:17.2532561-08:00</LastHeartBeat></CounterInstance><Interval>600</Interval><Status>Standby</Status></Task><Task i:type="BasicTask"><CounterInstance><Counter i:type="PerfMonCounter"><Id>4</Id><FriendlyName>Sandboxlib PageManager Free Pages</FriendlyName><IsInteger>true</IsInteger><Category>Sandboxlib: General Counters</Category><Name>PageManager Free Pages</Name><Instance/></Counter><Machine>PHELLSBLISST102</Machine><RunId i:nil="true"/><Started>2015-01-05T14:22:17.2244561-08:00</Started><LastFetched>2014-12-05T14:36:36.0207955-08:00</LastFetched><LastHeartBeat>2015-01-05T14:23:17.2532561-08:00</LastHeartBeat></CounterInstance><Interval>600</Interval><Status>Faulted</Status></Task><Task i:type="BasicTask"><CounterInstance><Counter i:type="PerfMonCounter"><Id>5</Id><FriendlyName>Availbale Memory (MBytes)</FriendlyName><IsInteger>true</IsInteger><Category>Memory</Category><Name>Available MBytes</Name><Instance/></Counter><Machine>PHELLSBLISST102</Machine><RunId i:nil="true"/><Started>2015-01-05T14:22:17.2244561-08:00</Started><LastFetched>2015-01-05T23:13:42.3888405-08:00</LastFetched><LastHeartBeat>2015-01-05T14:23:17.2532561-08:00</LastHeartBeat></CounterInstance><Interval>600</Interval><Status>Standby</Status></Task><Task i:type="BasicTask"><CounterInstance><Counter i:type="PerfMonCounter"><Id>6</Id><FriendlyName>Lisp Thread Count</FriendlyName><IsInteger>true</IsInteger><Category>Process</Category><Name>Thread Count</Name><Instance>lisp</Instance></Counter><Machine>PHELLSBLISST102</Machine><RunId i:nil="true"/><Started>2015-01-05T14:22:17.2244561-08:00</Started><LastFetched>2015-01-05T23:13:42.3888405-08:00</LastFetched><LastHeartBeat>2015-01-05T14:23:17.2532561-08:00</LastHeartBeat></CounterInstance><Interval>600</Interval><Status>Standby</Status></Task><Task i:type="BasicTask"><CounterInstance><Counter i:type="PerfMonCounter"><Id>7</Id><FriendlyName>Virtual Bytes Lisp</FriendlyName><IsInteger>false</IsInteger><Category>Process</Category><Name>Virtual Bytes</Name><Instance>lisp</Instance></Counter><Machine>PHELLSBLISST102</Machine><RunId i:nil="true"/><Started>2015-01-05T14:22:17.2244561-08:00</Started><LastFetched>2015-01-05T23:13:42.4044405-08:00</LastFetched><LastHeartBeat>2015-01-05T14:23:17.2532561-08:00</LastHeartBeat></CounterInstance><Interval>600</Interval><Status>Standby</Status></Task><Task i:type="BasicTask"><CounterInstance><Counter i:type="PerfMonCounter"><Id>8</Id><FriendlyName>Private Bytes Lisp</FriendlyName><IsInteger>false</IsInteger><Category>Process</Category><Name>Private Bytes</Name><Instance>lisp</Instance></Counter><Machine>PHELLSBLISST102</Machine><RunId i:nil="true"/><Started>2015-01-05T14:22:17.2244561-08:00</Started><LastFetched>2015-01-05T23:13:42.4044405-08:00</LastFetched><LastHeartBeat>2015-01-05T14:23:17.2532561-08:00</LastHeartBeat></CounterInstance><Interval>600</Interval><Status>Standby</Status></Task><Task i:type="BasicTask"><CounterInstance><Counter i:type="PerfMonCounter"><Id>9</Id><FriendlyName>Virtual Bytes LsRouterSP</FriendlyName><IsInteger>false</IsInteger><Category>Process</Category><Name>Virtual Bytes</Name><Instance>lsroutersp</Instance></Counter><Machine>PHELLSBLISST102</Machine><RunId i:nil="true"/><Started>2015-01-05T14:22:17.2244561-08:00</Started><LastFetched>2015-01-05T23:13:42.4044405-08:00</LastFetched><LastHeartBeat>2015-01-05T14:23:17.2532561-08:00</LastHeartBeat></CounterInstance><Interval>600</Interval><Status>Standby</Status></Task><Task i:type="BasicTask"><CounterInstance><Counter i:type="PerfMonCounter"><Id>10</Id><FriendlyName>Private Bytes LsRouterSP</FriendlyName><IsInteger>false</IsInteger><Category>Process</Category><Name>Private Bytes</Name><Instance>lsroutersp</Instance></Counter><Machine>PHELLSBLISST102</Machine><RunId i:nil="true"/><Started>2015-01-05T14:22:17.2244561-08:00</Started><LastFetched>2015-01-05T23:13:42.3732405-08:00</LastFetched><LastHeartBeat>2015-01-05T14:23:17.2532561-08:00</LastHeartBeat></CounterInstance><Interval>600</Interval><Status>Standby</Status></Task><Task i:type="BasicTask"><CounterInstance><Counter i:type="PerfMonCounter"><Id>11</Id><FriendlyName>MsTravob Thread Count</FriendlyName><IsInteger>true</IsInteger><Category>Process</Category><Name>Thread Count</Name><Instance>MsTravob</Instance></Counter><Machine>PHELLSBLISST102</Machine><RunId i:nil="true"/><Started>2015-01-05T14:22:17.2244561-08:00</Started><LastFetched>2015-01-05T23:13:42.4044405-08:00</LastFetched><LastHeartBeat>2015-01-05T14:23:17.2532561-08:00</LastHeartBeat></CounterInstance><Interval>600</Interval><Status>Standby</Status></Task><Task i:type="BasicTask"><CounterInstance><Counter i:type="PerfMonCounter"><Id>12</Id><FriendlyName>Virtual Bytes MsTravob</FriendlyName><IsInteger>false</IsInteger><Category>Process</Category><Name>Virtual Bytes</Name><Instance>MsTravob</Instance></Counter><Machine>PHELLSBLISST102</Machine><RunId i:nil="true"/><Started>2015-01-05T14:22:17.2244561-08:00</Started><LastFetched>2015-01-05T23:13:42.4044405-08:00</LastFetched><LastHeartBeat>2015-01-05T14:23:17.2532561-08:00</LastHeartBeat></CounterInstance><Interval>600</Interval><Status>Standby</Status></Task><Task i:type="BasicTask"><CounterInstance><Counter i:type="PerfMonCounter"><Id>13</Id><FriendlyName>Private Bytes MsTravob</FriendlyName><IsInteger>false</IsInteger><Category>Process</Category><Name>Private Bytes</Name><Instance>MsTravob</Instance></Counter><Machine>PHELLSBLISST102</Machine><RunId i:nil="true"/><Started>2015-01-05T14:22:17.2244561-08:00</Started><LastFetched>2015-01-05T23:13:42.3888405-08:00</LastFetched><LastHeartBeat>2015-01-05T14:23:17.2532561-08:00</LastHeartBeat></CounterInstance><Interval>600</Interval><Status>Standby</Status></Task><Task i:type="BasicTask"><CounterInstance><Counter i:type="PerfMonCounter"><Id>1</Id><FriendlyName>CPU Usage</FriendlyName><IsInteger>false</IsInteger><Category>Processor</Category><Name>% Processor Time</Name><Instance>_Total</Instance></Counter><Machine>PHELLSBLISST103</Machine><RunId i:nil="true"/><Started>2015-01-05T14:20:43.9208561-08:00</Started><LastFetched>2015-01-05T23:12:08.9760405-08:00</LastFetched><LastHeartBeat>2015-01-05T14:21:43.9496561-08:00</LastHeartBeat></CounterInstance><Interval>600</Interval><Status>Standby</Status></Task><Task i:type="BasicTask"><CounterInstance><Counter i:type="PerfMonCounter"><Id>2</Id><FriendlyName>Memory Pages/sec</FriendlyName><IsInteger>false</IsInteger><Category>Memory</Category><Name>Pages/sec</Name><Instance/></Counter><Machine>PHELLSBLISST103</Machine><RunId i:nil="true"/><Started>2015-01-05T14:20:43.9208561-08:00</Started><LastFetched>2015-01-05T23:12:08.9760405-08:00</LastFetched><LastHeartBeat>2015-01-05T14:21:43.9496561-08:00</LastHeartBeat></CounterInstance><Interval>600</Interval><Status>Standby</Status></Task><Task i:type="BasicTask"><CounterInstance><Counter i:type="PerfMonCounter"><Id>3</Id><FriendlyName>PhysicalDisk Avg. Disk Queue Length</FriendlyName><IsInteger>false</IsInteger><Category>PhysicalDisk</Category><Name>Avg. Disk Queue Length</Name><Instance>_Total</Instance></Counter><Machine>PHELLSBLISST103</Machine><RunId i:nil="true"/><Started>2015-01-05T14:20:43.9208561-08:00</Started><LastFetched>2015-01-05T23:12:08.9760405-08:00</LastFetched><LastHeartBeat>2015-01-05T14:21:43.9496561-08:00</LastHeartBeat></CounterInstance><Interval>600</Interval><Status>Standby</Status></Task><Task i:type="BasicTask"><CounterInstance><Counter i:type="PerfMonCounter"><Id>4</Id><FriendlyName>Sandboxlib PageManager Free Pages</FriendlyName><IsInteger>true</IsInteger><Category>Sandboxlib: General Counters</Category><Name>PageManager Free Pages</Name><Instance/></Counter><Machine>PHELLSBLISST103</Machine><RunId i:nil="true"/><Started>2015-01-05T14:20:43.9208561-08:00</Started><LastFetched>2014-12-05T14:53:18.9980248-08:00</LastFetched><LastHeartBeat>2015-01-05T14:21:43.9496561-08:00</LastHeartBeat></CounterInstance><Interval>600</Interval><Status>Faulted</Status></Task><Task i:type="BasicTask"><CounterInstance><Counter i:type="PerfMonCounter"><Id>5</Id><FriendlyName>Availbale Memory (MBytes)</FriendlyName><IsInteger>true</IsInteger><Category>Memory</Category><Name>Available MBytes</Name><Instance/></Counter><Machine>PHELLSBLISST103</Machine><RunId i:nil="true"/><Started>2015-01-05T14:20:43.9208561-08:00</Started><LastFetched>2015-01-05T23:12:08.9604405-08:00</LastFetched><LastHeartBeat>2015-01-05T14:21:43.9496561-08:00</LastHeartBeat></CounterInstance><Interval>600</Interval><Status>Standby</Status></Task><Task i:type="BasicTask"><CounterInstance><Counter i:type="PerfMonCounter"><Id>6</Id><FriendlyName>Lisp Thread Count</FriendlyName><IsInteger>true</IsInteger><Category>Process</Category><Name>Thread Count</Name><Instance>lisp</Instance></Counter><Machine>PHELLSBLISST103</Machine><RunId i:nil="true"/><Started>2015-01-05T14:20:43.9208561-08:00</Started><LastFetched>2014-12-05T15:23:19.008316-08:00</LastFetched><LastHeartBeat>2015-01-05T14:21:43.9496561-08:00</LastHeartBeat></CounterInstance><Interval>600</Interval><Status>Faulted</Status></Task><Task i:type="BasicTask"><CounterInstance><Counter i:type="PerfMonCounter"><Id>7</Id><FriendlyName>Virtual Bytes Lisp</FriendlyName><IsInteger>false</IsInteger><Category>Process</Category><Name>Virtual Bytes</Name><Instance>lisp</Instance></Counter><Machine>PHELLSBLISST103</Machine><RunId i:nil="true"/><Started>2015-01-05T14:20:43.9208561-08:00</Started><LastFetched>2014-12-05T15:23:19.0239161-08:00</LastFetched><LastHeartBeat>2015-01-05T14:21:43.9496561-08:00</LastHeartBeat></CounterInstance><Interval>600</Interval><Status>Faulted</Status></Task><Task i:type="BasicTask"><CounterInstance><Counter i:type="PerfMonCounter"><Id>8</Id><FriendlyName>Private Bytes Lisp</FriendlyName><IsInteger>false</IsInteger><Category>Process</Category><Name>Private Bytes</Name><Instance>lisp</Instance></Counter><Machine>PHELLSBLISST103</Machine><RunId i:nil="true"/><Started>2015-01-05T14:20:43.9208561-08:00</Started><LastFetched>2014-12-05T15:23:19.008316-08:00</LastFetched><LastHeartBeat>2015-01-05T14:21:43.9496561-08:00</LastHeartBeat></CounterInstance><Interval>600</Interval><Status>Faulted</Status></Task><Task i:type="BasicTask"><CounterInstance><Counter i:type="PerfMonCounter"><Id>9</Id><FriendlyName>Virtual Bytes LsRouterSP</FriendlyName><IsInteger>false</IsInteger><Category>Process</Category><Name>Virtual Bytes</Name><Instance>lsroutersp</Instance></Counter><Machine>PHELLSBLISST103</Machine><RunId i:nil="true"/><Started>2015-01-05T14:20:43.9208561-08:00</Started><LastFetched>2014-12-05T15:23:18.9927159-08:00</LastFetched><LastHeartBeat>2015-01-05T14:21:43.9496561-08:00</LastHeartBeat></CounterInstance><Interval>600</Interval><Status>Faulted</Status></Task><Task i:type="BasicTask"><CounterInstance><Counter i:type="PerfMonCounter"><Id>10</Id><FriendlyName>Private Bytes LsRouterSP</FriendlyName><IsInteger>false</IsInteger><Category>Process</Category><Name>Private Bytes</Name><Instance>lsroutersp</Instance></Counter><Machine>PHELLSBLISST103</Machine><RunId i:nil="true"/><Started>2015-01-05T14:20:43.9208561-08:00</Started><LastFetched>2014-12-05T15:23:19.0239161-08:00</LastFetched><LastHeartBeat>2015-01-05T14:21:43.9496561-08:00</LastHeartBeat></CounterInstance><Interval>600</Interval><Status>Faulted</Status></Task><Task i:type="BasicTask"><CounterInstance><Counter i:type="PerfMonCounter"><Id>11</Id><FriendlyName>MsTravob Thread Count</FriendlyName><IsInteger>true</IsInteger><Category>Process</Category><Name>Thread Count</Name><Instance>MsTravob</Instance></Counter><Machine>PHELLSBLISST103</Machine><RunId i:nil="true"/><Started>2015-01-05T14:20:43.9208561-08:00</Started><LastFetched>2014-12-05T15:23:19.0239161-08:00</LastFetched><LastHeartBeat>2015-01-05T14:21:43.9496561-08:00</LastHeartBeat></CounterInstance><Interval>600</Interval><Status>Faulted</Status></Task><Task i:type="BasicTask"><CounterInstance><Counter i:type="PerfMonCounter"><Id>12</Id><FriendlyName>Virtual Bytes MsTravob</FriendlyName><IsInteger>false</IsInteger><Category>Process</Category><Name>Virtual Bytes</Name><Instance>MsTravob</Instance></Counter><Machine>PHELLSBLISST103</Machine><RunId i:nil="true"/><Started>2015-01-05T14:20:43.9208561-08:00</Started><LastFetched>2014-12-05T15:23:18.9771158-08:00</LastFetched><LastHeartBeat>2015-01-05T14:21:43.9496561-08:00</LastHeartBeat></CounterInstance><Interval>600</Interval><Status>Faulted</Status></Task><Task i:type="BasicTask"><CounterInstance><Counter i:type="PerfMonCounter"><Id>13</Id><FriendlyName>Private Bytes MsTravob</FriendlyName><IsInteger>false</IsInteger><Category>Process</Category><Name>Private Bytes</Name><Instance>MsTravob</Instance></Counter><Machine>PHELLSBLISST103</Machine><RunId i:nil="true"/><Started>2015-01-05T14:20:43.9208561-08:00</Started><LastFetched>2014-12-05T15:23:19.008316-08:00</LastFetched><LastHeartBeat>2015-01-05T14:21:43.9496561-08:00</LastHeartBeat></CounterInstance><Interval>600</Interval><Status>Faulted</Status></Task><Task i:type="BasicTask"><CounterInstance><Counter i:type="PerfMonCounter"><Id>1</Id><FriendlyName>CPU Usage</FriendlyName><IsInteger>false</IsInteger><Category>Processor</Category><Name>% Processor Time</Name><Instance>_Total</Instance></Counter><Machine>PHELLSBLISST104</Machine><RunId i:nil="true"/><Started>2015-01-05T14:20:43.9052561-08:00</Started><LastFetched>2015-01-05T23:12:08.9760405-08:00</LastFetched><LastHeartBeat>2015-01-05T14:21:43.9340561-08:00</LastHeartBeat></CounterInstance><Interval>600</Interval><Status>Standby</Status></Task><Task i:type="BasicTask"><CounterInstance><Counter i:type="PerfMonCounter"><Id>2</Id><FriendlyName>Memory Pages/sec</FriendlyName><IsInteger>false</IsInteger><Category>Memory</Category><Name>Pages/sec</Name><Instance/></Counter><Machine>PHELLSBLISST104</Machine><RunId i:nil="true"/><Started>2015-01-05T14:20:43.9052561-08:00</Started><LastFetched>2015-01-05T23:12:08.9760405-08:00</LastFetched><LastHeartBeat>2015-01-05T14:21:43.9340561-08:00</LastHeartBeat></CounterInstance><Interval>600</Interval><Status>Standby</Status></Task><Task i:type="BasicTask"><CounterInstance><Counter i:type="PerfMonCounter"><Id>3</Id><FriendlyName>PhysicalDisk Avg. Disk Queue Length</FriendlyName><IsInteger>false</IsInteger><Category>PhysicalDisk</Category><Name>Avg. Disk Queue Length</Name><Instance>_Total</Instance></Counter><Machine>PHELLSBLISST104</Machine><RunId i:nil="true"/><Started>2015-01-05T14:20:43.9052561-08:00</Started><LastFetched>2015-01-05T23:12:08.9604405-08:00</LastFetched><LastHeartBeat>2015-01-05T14:21:43.9340561-08:00</LastHeartBeat></CounterInstance><Interval>600</Interval><Status>Standby</Status></Task><Task i:type="BasicTask"><CounterInstance><Counter i:type="PerfMonCounter"><Id>4</Id><FriendlyName>Sandboxlib PageManager Free Pages</FriendlyName><IsInteger>true</IsInteger><Category>Sandboxlib: General Counters</Category><Name>PageManager Free Pages</Name><Instance/></Counter><Machine>PHELLSBLISST104</Machine><RunId i:nil="true"/><Started>2015-01-05T14:20:43.9052561-08:00</Started><LastFetched>2014-12-05T14:52:59.4822997-08:00</LastFetched><LastHeartBeat>2015-01-05T14:21:43.9340561-08:00</LastHeartBeat></CounterInstance><Interval>600</Interval><Status>Faulted</Status></Task><Task i:type="BasicTask"><CounterInstance><Counter i:type="PerfMonCounter"><Id>5</Id><FriendlyName>Availbale Memory (MBytes)</FriendlyName><IsInteger>true</IsInteger><Category>Memory</Category><Name>Available MBytes</Name><Instance/></Counter><Machine>PHELLSBLISST104</Machine><RunId i:nil="true"/><Started>2015-01-05T14:20:43.9052561-08:00</Started><LastFetched>2015-01-05T23:12:08.9760405-08:00</LastFetched><LastHeartBeat>2015-01-05T14:21:43.9340561-08:00</LastHeartBeat></CounterInstance><Interval>600</Interval><Status>Standby</Status></Task><Task i:type="BasicTask"><CounterInstance><Counter i:type="PerfMonCounter"><Id>6</Id><FriendlyName>Lisp Thread Count</FriendlyName><IsInteger>true</IsInteger><Category>Process</Category><Name>Thread Count</Name><Instance>lisp</Instance></Counter><Machine>PHELLSBLISST104</Machine><RunId i:nil="true"/><Started>2015-01-05T14:20:43.9052561-08:00</Started><LastFetched>2014-12-05T15:32:59.2072352-08:00</LastFetched><LastHeartBeat>2015-01-05T14:21:43.9340561-08:00</LastHeartBeat></CounterInstance><Interval>600</Interval><Status>Faulted</Status></Task><Task i:type="BasicTask"><CounterInstance><Counter i:type="PerfMonCounter"><Id>7</Id><FriendlyName>Virtual Bytes Lisp</FriendlyName><IsInteger>false</IsInteger><Category>Process</Category><Name>Virtual Bytes</Name><Instance>lisp</Instance></Counter><Machine>PHELLSBLISST104</Machine><RunId i:nil="true"/><Started>2015-01-05T14:20:43.9052561-08:00</Started><LastFetched>2014-12-05T15:32:59.1916351-08:00</LastFetched><LastHeartBeat>2015-01-05T14:21:43.9340561-08:00</LastHeartBeat></CounterInstance><Interval>600</Interval><Status>Faulted</Status></Task><Task i:type="BasicTask"><CounterInstance><Counter i:type="PerfMonCounter"><Id>8</Id><FriendlyName>Private Bytes Lisp</FriendlyName><IsInteger>false</IsInteger><Category>Process</Category><Name>Private Bytes</Name><Instance>lisp</Instance></Counter><Machine>PHELLSBLISST104</Machine><RunId i:nil="true"/><Started>2015-01-05T14:20:43.9052561-08:00</Started><LastFetched>2014-12-05T15:32:59.2072352-08:00</LastFetched><LastHeartBeat>2015-01-05T14:21:43.9340561-08:00</LastHeartBeat></CounterInstance><Interval>600</Interval><Status>Faulted</Status></Task><Task i:type="BasicTask"><CounterInstance><Counter i:type="PerfMonCounter"><Id>9</Id><FriendlyName>Virtual Bytes LsRouterSP</FriendlyName><IsInteger>false</IsInteger><Category>Process</Category><Name>Virtual Bytes</Name><Instance>lsroutersp</Instance></Counter><Machine>PHELLSBLISST104</Machine><RunId i:nil="true"/><Started>2015-01-05T14:20:43.9052561-08:00</Started><LastFetched>2014-12-30T11:52:45.538328-08:00</LastFetched><LastHeartBeat>2015-01-05T14:21:43.9340561-08:00</LastHeartBeat></CounterInstance><Interval>600</Interval><Status>Faulted</Status></Task><Task i:type="BasicTask"><CounterInstance><Counter i:type="PerfMonCounter"><Id>10</Id><FriendlyName>Private Bytes LsRouterSP</FriendlyName><IsInteger>false</IsInteger><Category>Process</Category><Name>Private Bytes</Name><Instance>lsroutersp</Instance></Counter><Machine>PHELLSBLISST104</Machine><RunId i:nil="true"/><Started>2015-01-05T14:20:43.9052561-08:00</Started><LastFetched>2014-12-30T11:52:45.522728-08:00</LastFetched><LastHeartBeat>2015-01-05T14:21:43.9340561-08:00</LastHeartBeat></CounterInstance><Interval>600</Interval><Status>Faulted</Status></Task><Task i:type="BasicTask"><CounterInstance><Counter i:type="PerfMonCounter"><Id>11</Id><FriendlyName>MsTravob Thread Count</FriendlyName><IsInteger>true</IsInteger><Category>Process</Category><Name>Thread Count</Name><Instance>MsTravob</Instance></Counter><Machine>PHELLSBLISST104</Machine><RunId i:nil="true"/><Started>2015-01-05T14:20:43.9052561-08:00</Started><LastFetched>2014-12-05T16:12:59.25142-08:00</LastFetched><LastHeartBeat>2015-01-05T14:21:43.9340561-08:00</LastHeartBeat></CounterInstance><Interval>600</Interval><Status>Faulted</Status></Task><Task i:type="BasicTask"><CounterInstance><Counter i:type="PerfMonCounter"><Id>12</Id><FriendlyName>Virtual Bytes MsTravob</FriendlyName><IsInteger>false</IsInteger><Category>Process</Category><Name>Virtual Bytes</Name><Instance>MsTravob</Instance></Counter><Machine>PHELLSBLISST104</Machine><RunId i:nil="true"/><Started>2015-01-05T14:20:43.9052561-08:00</Started><LastFetched>2014-12-05T16:12:59.2670201-08:00</LastFetched><LastHeartBeat>2015-01-05T14:21:43.9340561-08:00</LastHeartBeat></CounterInstance><Interval>600</Interval><Status>Faulted</Status></Task><Task i:type="BasicTask"><CounterInstance><Counter i:type="PerfMonCounter"><Id>13</Id><FriendlyName>Private Bytes MsTravob</FriendlyName><IsInteger>false</IsInteger><Category>Process</Category><Name>Private Bytes</Name><Instance>MsTravob</Instance></Counter><Machine>PHELLSBLISST104</Machine><RunId i:nil="true"/><Started>2015-01-05T14:20:43.9052561-08:00</Started><LastFetched>2014-12-05T16:12:59.25142-08:00</LastFetched><LastHeartBeat>2015-01-05T14:21:43.9340561-08:00</LastHeartBeat></CounterInstance><Interval>600</Interval><Status>Faulted</Status></Task><Task i:type="BasicTask"><CounterInstance><Counter i:type="PerfMonCounter"><Id>1</Id><FriendlyName>CPU Usage</FriendlyName><IsInteger>false</IsInteger><Category>Processor</Category><Name>% Processor Time</Name><Instance>_Total</Instance></Counter><Machine>PHELLSBLISST105</Machine><RunId i:nil="true"/><Started i:nil="true"/><LastFetched i:nil="true"/><LastHeartBeat i:nil="true"/></CounterInstance><Interval>600</Interval><Status>NotCreated</Status></Task><Task i:type="BasicTask"><CounterInstance><Counter i:type="PerfMonCounter"><Id>2</Id><FriendlyName>Memory Pages/sec</FriendlyName><IsInteger>false</IsInteger><Category>Memory</Category><Name>Pages/sec</Name><Instance/></Counter><Machine>PHELLSBLISST105</Machine><RunId i:nil="true"/><Started i:nil="true"/><LastFetched i:nil="true"/><LastHeartBeat i:nil="true"/></CounterInstance><Interval>600</Interval><Status>NotCreated</Status></Task><Task i:type="BasicTask"><CounterInstance><Counter i:type="PerfMonCounter"><Id>3</Id><FriendlyName>PhysicalDisk Avg. Disk Queue Length</FriendlyName><IsInteger>false</IsInteger><Category>PhysicalDisk</Category><Name>Avg. Disk Queue Length</Name><Instance>_Total</Instance></Counter><Machine>PHELLSBLISST105</Machine><RunId i:nil="true"/><Started i:nil="true"/><LastFetched i:nil="true"/><LastHeartBeat i:nil="true"/></CounterInstance><Interval>600</Interval><Status>NotCreated</Status></Task><Task i:type="BasicTask"><CounterInstance><Counter i:type="PerfMonCounter"><Id>4</Id><FriendlyName>Sandboxlib PageManager Free Pages</FriendlyName><IsInteger>true</IsInteger><Category>Sandboxlib: General Counters</Category><Name>PageManager Free Pages</Name><Instance/></Counter><Machine>PHELLSBLISST105</Machine><RunId i:nil="true"/><Started>2014-12-17T20:47:40.2236169-08:00</Started><LastFetched i:nil="true"/><LastHeartBeat>2014-12-17T20:48:40.7367927-08:00</LastHeartBeat></CounterInstance><Interval>600</Interval><Status>Faulted</Status></Task><Task i:type="BasicTask"><CounterInstance><Counter i:type="PerfMonCounter"><Id>5</Id><FriendlyName>Availbale Memory (MBytes)</FriendlyName><IsInteger>true</IsInteger><Category>Memory</Category><Name>Available MBytes</Name><Instance/></Counter><Machine>PHELLSBLISST105</Machine><RunId i:nil="true"/><Started i:nil="true"/><LastFetched i:nil="true"/><LastHeartBeat i:nil="true"/></CounterInstance><Interval>600</Interval><Status>NotCreated</Status></Task><Task i:type="BasicTask"><CounterInstance><Counter i:type="PerfMonCounter"><Id>6</Id><FriendlyName>Lisp Thread Count</FriendlyName><IsInteger>true</IsInteger><Category>Process</Category><Name>Thread Count</Name><Instance>lisp</Instance></Counter><Machine>PHELLSBLISST105</Machine><RunId i:nil="true"/><Started i:nil="true"/><LastFetched i:nil="true"/><LastHeartBeat i:nil="true"/></CounterInstance><Interval>600</Interval><Status>NotCreated</Status></Task><Task i:type="BasicTask"><CounterInstance><Counter i:type="PerfMonCounter"><Id>7</Id><FriendlyName>Virtual Bytes Lisp</FriendlyName><IsInteger>false</IsInteger><Category>Process</Category><Name>Virtual Bytes</Name><Instance>lisp</Instance></Counter><Machine>PHELLSBLISST105</Machine><RunId i:nil="true"/><Started i:nil="true"/><LastFetched i:nil="true"/><LastHeartBeat i:nil="true"/></CounterInstance><Interval>600</Interval><Status>NotCreated</Status></Task><Task i:type="BasicTask"><CounterInstance><Counter i:type="PerfMonCounter"><Id>8</Id><FriendlyName>Private Bytes Lisp</FriendlyName><IsInteger>false</IsInteger><Category>Process</Category><Name>Private Bytes</Name><Instance>lisp</Instance></Counter><Machine>PHELLSBLISST105</Machine><RunId i:nil="true"/><Started i:nil="true"/><LastFetched i:nil="true"/><LastHeartBeat i:nil="true"/></CounterInstance><Interval>600</Interval><Status>NotCreated</Status></Task><Task i:type="BasicTask"><CounterInstance><Counter i:type="PerfMonCounter"><Id>9</Id><FriendlyName>Virtual Bytes LsRouterSP</FriendlyName><IsInteger>false</IsInteger><Category>Process</Category><Name>Virtual Bytes</Name><Instance>lsroutersp</Instance></Counter><Machine>PHELLSBLISST105</Machine><RunId i:nil="true"/><Started i:nil="true"/><LastFetched i:nil="true"/><LastHeartBeat i:nil="true"/></CounterInstance><Interval>600</Interval><Status>NotCreated</Status></Task><Task i:type="BasicTask"><CounterInstance><Counter i:type="PerfMonCounter"><Id>10</Id><FriendlyName>Private Bytes LsRouterSP</FriendlyName><IsInteger>false</IsInteger><Category>Process</Category><Name>Private Bytes</Name><Instance>lsroutersp</Instance></Counter><Machine>PHELLSBLISST105</Machine><RunId i:nil="true"/><Started i:nil="true"/><LastFetched i:nil="true"/><LastHeartBeat i:nil="true"/></CounterInstance><Interval>600</Interval><Status>NotCreated</Status></Task><Task i:type="BasicTask"><CounterInstance><Counter i:type="PerfMonCounter"><Id>11</Id><FriendlyName>MsTravob Thread Count</FriendlyName><IsInteger>true</IsInteger><Category>Process</Category><Name>Thread Count</Name><Instance>MsTravob</Instance></Counter><Machine>PHELLSBLISST105</Machine><RunId i:nil="true"/><Started i:nil="true"/><LastFetched i:nil="true"/><LastHeartBeat i:nil="true"/></CounterInstance><Interval>600</Interval><Status>NotCreated</Status></Task><Task i:type="BasicTask"><CounterInstance><Counter i:type="PerfMonCounter"><Id>12</Id><FriendlyName>Virtual Bytes MsTravob</FriendlyName><IsInteger>false</IsInteger><Category>Process</Category><Name>Virtual Bytes</Name><Instance>MsTravob</Instance></Counter><Machine>PHELLSBLISST105</Machine><RunId i:nil="true"/><Started i:nil="true"/><LastFetched i:nil="true"/><LastHeartBeat i:nil="true"/></CounterInstance><Interval>600</Interval><Status>NotCreated</Status></Task><Task i:type="BasicTask"><CounterInstance><Counter i:type="PerfMonCounter"><Id>13</Id><FriendlyName>Private Bytes MsTravob</FriendlyName><IsInteger>false</IsInteger><Category>Process</Category><Name>Private Bytes</Name><Instance>MsTravob</Instance></Counter><Machine>PHELLSBLISST105</Machine><RunId i:nil="true"/><Started i:nil="true"/><LastFetched i:nil="true"/><LastHeartBeat i:nil="true"/></CounterInstance><Interval>600</Interval><Status>NotCreated</Status></Task><Task i:type="BasicTask"><CounterInstance><Counter i:type="PerfMonCounter"><Id>1</Id><FriendlyName>CPU Usage</FriendlyName><IsInteger>false</IsInteger><Category>Processor</Category><Name>% Processor Time</Name><Instance>_Total</Instance></Counter><Machine>CHELLILISQ0401</Machine><RunId i:nil="true"/><Started>2014-12-23T18:39:10.7744133-08:00</Started><LastFetched>2015-01-05T23:10:58.0116405-08:00</LastFetched><LastHeartBeat>2014-12-23T18:39:10.7744133-08:00</LastHeartBeat></CounterInstance><Interval>600</Interval><Status>Standby</Status></Task><Task i:type="BasicTask"><CounterInstance><Counter i:type="PerfMonCounter"><Id>2</Id><FriendlyName>Memory Pages/sec</FriendlyName><IsInteger>false</IsInteger><Category>Memory</Category><Name>Pages/sec</Name><Instance/></Counter><Machine>CHELLILISQ0401</Machine><RunId i:nil="true"/><Started>2014-12-23T18:39:10.7744133-08:00</Started><LastFetched>2015-01-05T23:10:58.0116405-08:00</LastFetched><LastHeartBeat>2014-12-23T18:39:10.7744133-08:00</LastHeartBeat></CounterInstance><Interval>600</Interval><Status>Standby</Status></Task><Task i:type="BasicTask"><CounterInstance><Counter i:type="PerfMonCounter"><Id>3</Id><FriendlyName>PhysicalDisk Avg. Disk Queue Length</FriendlyName><IsInteger>false</IsInteger><Category>PhysicalDisk</Category><Name>Avg. Disk Queue Length</Name><Instance>_Total</Instance></Counter><Machine>CHELLILISQ0401</Machine><RunId i:nil="true"/><Started>2014-12-23T18:39:10.7744133-08:00</Started><LastFetched>2015-01-05T23:10:58.0116405-08:00</LastFetched><LastHeartBeat>2014-12-23T18:39:10.7744133-08:00</LastHeartBeat></CounterInstance><Interval>600</Interval><Status>Standby</Status></Task><Task i:type="BasicTask"><CounterInstance><Counter i:type="PerfMonCounter"><Id>4</Id><FriendlyName>Sandboxlib PageManager Free Pages</FriendlyName><IsInteger>true</IsInteger><Category>Sandboxlib: General Counters</Category><Name>PageManager Free Pages</Name><Instance/></Counter><Machine>CHELLILISQ0401</Machine><RunId i:nil="true"/><Started>2014-12-23T18:39:10.7744133-08:00</Started><LastFetched i:nil="true"/><LastHeartBeat>2014-12-23T18:39:10.7744133-08:00</LastHeartBeat></CounterInstance><Interval>600</Interval><Status>Faulted</Status></Task><Task i:type="BasicTask"><CounterInstance><Counter i:type="PerfMonCounter"><Id>5</Id><FriendlyName>Availbale Memory (MBytes)</FriendlyName><IsInteger>true</IsInteger><Category>Memory</Category><Name>Available MBytes</Name><Instance/></Counter><Machine>CHELLILISQ0401</Machine><RunId i:nil="true"/><Started>2014-12-23T18:39:10.7744133-08:00</Started><LastFetched>2015-01-05T23:10:57.9804405-08:00</LastFetched><LastHeartBeat>2014-12-23T18:39:10.7744133-08:00</LastHeartBeat></CounterInstance><Interval>600</Interval><Status>Standby</Status></Task><Task i:type="BasicTask"><CounterInstance><Counter i:type="PerfMonCounter"><Id>6</Id><FriendlyName>Lisp Thread Count</FriendlyName><IsInteger>true</IsInteger><Category>Process</Category><Name>Thread Count</Name><Instance>lisp</Instance></Counter><Machine>CHELLILISQ0401</Machine><RunId i:nil="true"/><Started>2014-12-23T18:39:10.7744133-08:00</Started><LastFetched i:nil="true"/><LastHeartBeat>2014-12-23T18:39:10.7744133-08:00</LastHeartBeat></CounterInstance><Interval>600</Interval><Status>Faulted</Status></Task><Task i:type="BasicTask"><CounterInstance><Counter i:type="PerfMonCounter"><Id>7</Id><FriendlyName>Virtual Bytes Lisp</FriendlyName><IsInteger>false</IsInteger><Category>Process</Category><Name>Virtual Bytes</Name><Instance>lisp</Instance></Counter><Machine>CHELLILISQ0401</Machine><RunId i:nil="true"/><Started>2014-12-23T18:39:10.7744133-08:00</Started><LastFetched i:nil="true"/><LastHeartBeat>2014-12-23T18:39:10.7744133-08:00</LastHeartBeat></CounterInstance><Interval>600</Interval><Status>Faulted</Status></Task><Task i:type="BasicTask"><CounterInstance><Counter i:type="PerfMonCounter"><Id>8</Id><FriendlyName>Private Bytes Lisp</FriendlyName><IsInteger>false</IsInteger><Category>Process</Category><Name>Private Bytes</Name><Instance>lisp</Instance></Counter><Machine>CHELLILISQ0401</Machine><RunId i:nil="true"/><Started>2014-12-23T18:39:10.7744133-08:00</Started><LastFetched i:nil="true"/><LastHeartBeat>2014-12-23T18:39:10.7744133-08:00</LastHeartBeat></CounterInstance><Interval>600</Interval><Status>Faulted</Status></Task><Task i:type="BasicTask"><CounterInstance><Counter i:type="PerfMonCounter"><Id>9</Id><FriendlyName>Virtual Bytes LsRouterSP</FriendlyName><IsInteger>false</IsInteger><Category>Process</Category><Name>Virtual Bytes</Name><Instance>lsroutersp</Instance></Counter><Machine>CHELLILISQ0401</Machine><RunId i:nil="true"/><Started>2014-12-23T18:39:10.7744133-08:00</Started><LastFetched>2014-12-08T00:09:28.8897348-08:00</LastFetched><LastHeartBeat>2014-12-23T18:39:10.7744133-08:00</LastHeartBeat></CounterInstance><Interval>600</Interval><Status>Faulted</Status></Task><Task i:type="BasicTask"><CounterInstance><Counter i:type="PerfMonCounter"><Id>10</Id><FriendlyName>Private Bytes LsRouterSP</FriendlyName><IsInteger>false</IsInteger><Category>Process</Category><Name>Private Bytes</Name><Instance>lsroutersp</Instance></Counter><Machine>CHELLILISQ0401</Machine><RunId i:nil="true"/><Started>2014-12-23T18:39:10.7744133-08:00</Started><LastFetched>2014-12-08T00:09:28.8897348-08:00</LastFetched><LastHeartBeat>2014-12-23T18:39:10.7744133-08:00</LastHeartBeat></CounterInstance><Interval>600</Interval><Status>Faulted</Status></Task><Task i:type="BasicTask"><CounterInstance><Counter i:type="PerfMonCounter"><Id>11</Id><FriendlyName>MsTravob Thread Count</FriendlyName><IsInteger>true</IsInteger><Category>Process</Category><Name>Thread Count</Name><Instance>MsTravob</Instance></Counter><Machine>CHELLILISQ0401</Machine><RunId i:nil="true"/><Started>2014-12-23T18:39:10.7744133-08:00</Started><LastFetched>2014-12-08T00:09:28.8897348-08:00</LastFetched><LastHeartBeat>2014-12-23T18:39:10.7744133-08:00</LastHeartBeat></CounterInstance><Interval>600</Interval><Status>Faulted</Status></Task><Task i:type="BasicTask"><CounterInstance><Counter i:type="PerfMonCounter"><Id>12</Id><FriendlyName>Virtual Bytes MsTravob</FriendlyName><IsInteger>false</IsInteger><Category>Process</Category><Name>Virtual Bytes</Name><Instance>MsTravob</Instance></Counter><Machine>CHELLILISQ0401</Machine><RunId i:nil="true"/><Started>2014-12-23T18:39:10.7744133-08:00</Started><LastFetched>2014-12-08T00:09:28.8897348-08:00</LastFetched><LastHeartBeat>2014-12-23T18:39:10.7744133-08:00</LastHeartBeat></CounterInstance><Interval>600</Interval><Status>Faulted</Status></Task><Task i:type="BasicTask"><CounterInstance><Counter i:type="PerfMonCounter"><Id>13</Id><FriendlyName>Private Bytes MsTravob</FriendlyName><IsInteger>false</IsInteger><Category>Process</Category><Name>Private Bytes</Name><Instance>MsTravob</Instance></Counter><Machine>CHELLILISQ0401</Machine><RunId i:nil="true"/><Started>2014-12-23T18:39:10.7744133-08:00</Started><LastFetched>2014-12-08T00:09:28.8897348-08:00</LastFetched><LastHeartBeat>2014-12-23T18:39:10.7744133-08:00</LastHeartBeat></CounterInstance><Interval>600</Interval><Status>Faulted</Status></Task><Task i:type="BasicTask"><CounterInstance><Counter i:type="PerfMonCounter"><Id>1</Id><FriendlyName>CPU Usage</FriendlyName><IsInteger>false</IsInteger><Category>Processor</Category><Name>% Processor Time</Name><Instance>_Total</Instance></Counter><Machine>PHELLSBLISST106</Machine><RunId i:nil="true"/><Started>2014-12-17T21:41:10.2878625-08:00</Started><LastFetched>2015-01-05T23:12:55.1208405-08:00</LastFetched><LastHeartBeat>2014-12-17T21:42:10.6606365-08:00</LastHeartBeat></CounterInstance><Interval>600</Interval><Status>Standby</Status></Task><Task i:type="BasicTask"><CounterInstance><Counter i:type="PerfMonCounter"><Id>2</Id><FriendlyName>Memory Pages/sec</FriendlyName><IsInteger>false</IsInteger><Category>Memory</Category><Name>Pages/sec</Name><Instance/></Counter><Machine>PHELLSBLISST106</Machine><RunId i:nil="true"/><Started>2014-12-17T21:41:10.2722623-08:00</Started><LastFetched>2015-01-05T23:12:55.1364405-08:00</LastFetched><LastHeartBeat>2014-12-17T21:42:10.6606365-08:00</LastHeartBeat></CounterInstance><Interval>600</Interval><Status>Standby</Status></Task><Task i:type="BasicTask"><CounterInstance><Counter i:type="PerfMonCounter"><Id>3</Id><FriendlyName>PhysicalDisk Avg. Disk Queue Length</FriendlyName><IsInteger>false</IsInteger><Category>PhysicalDisk</Category><Name>Avg. Disk Queue Length</Name><Instance>_Total</Instance></Counter><Machine>PHELLSBLISST106</Machine><RunId i:nil="true"/><Started>2014-12-17T21:41:10.2878625-08:00</Started><LastFetched>2015-01-05T23:12:55.1208405-08:00</LastFetched><LastHeartBeat>2014-12-17T21:42:10.6606365-08:00</LastHeartBeat></CounterInstance><Interval>600</Interval><Status>Standby</Status></Task><Task i:type="BasicTask"><CounterInstance><Counter i:type="PerfMonCounter"><Id>4</Id><FriendlyName>Sandboxlib PageManager Free Pages</FriendlyName><IsInteger>true</IsInteger><Category>Sandboxlib: General Counters</Category><Name>PageManager Free Pages</Name><Instance/></Counter><Machine>PHELLSBLISST106</Machine><RunId i:nil="true"/><Started>2014-12-17T21:41:10.2878625-08:00</Started><LastFetched>2015-01-05T23:12:55.1364405-08:00</LastFetched><LastHeartBeat>2014-12-17T21:42:10.6606365-08:00</LastHeartBeat></CounterInstance><Interval>600</Interval><Status>Standby</Status></Task><Task i:type="BasicTask"><CounterInstance><Counter i:type="PerfMonCounter"><Id>5</Id><FriendlyName>Availbale Memory (MBytes)</FriendlyName><IsInteger>true</IsInteger><Category>Memory</Category><Name>Available MBytes</Name><Instance/></Counter><Machine>PHELLSBLISST106</Machine><RunId i:nil="true"/><Started>2014-12-17T21:41:10.2878625-08:00</Started><LastFetched>2015-01-05T23:12:55.1208405-08:00</LastFetched><LastHeartBeat>2014-12-17T21:42:10.6606365-08:00</LastHeartBeat></CounterInstance><Interval>600</Interval><Status>Standby</Status></Task><Task i:type="BasicTask"><CounterInstance><Counter i:type="PerfMonCounter"><Id>6</Id><FriendlyName>Lisp Thread Count</FriendlyName><IsInteger>true</IsInteger><Category>Process</Category><Name>Thread Count</Name><Instance>lisp</Instance></Counter><Machine>PHELLSBLISST106</Machine><RunId i:nil="true"/><Started>2014-12-17T21:41:10.2722623-08:00</Started><LastFetched>2015-01-05T23:12:55.1208405-08:00</LastFetched><LastHeartBeat>2014-12-17T21:42:10.6606365-08:00</LastHeartBeat></CounterInstance><Interval>600</Interval><Status>Standby</Status></Task><Task i:type="BasicTask"><CounterInstance><Counter i:type="PerfMonCounter"><Id>7</Id><FriendlyName>Virtual Bytes Lisp</FriendlyName><IsInteger>false</IsInteger><Category>Process</Category><Name>Virtual Bytes</Name><Instance>lisp</Instance></Counter><Machine>PHELLSBLISST106</Machine><RunId i:nil="true"/><Started>2014-12-17T21:41:10.2878625-08:00</Started><LastFetched>2015-01-05T23:12:55.1208405-08:00</LastFetched><LastHeartBeat>2014-12-17T21:42:10.6606365-08:00</LastHeartBeat></CounterInstance><Interval>600</Interval><Status>Standby</Status></Task><Task i:type="BasicTask"><CounterInstance><Counter i:type="PerfMonCounter"><Id>8</Id><FriendlyName>Private Bytes Lisp</FriendlyName><IsInteger>false</IsInteger><Category>Process</Category><Name>Private Bytes</Name><Instance>lisp</Instance></Counter><Machine>PHELLSBLISST106</Machine><RunId i:nil="true"/><Started>2014-12-17T21:41:10.2878625-08:00</Started><LastFetched>2015-01-05T23:12:55.1208405-08:00</LastFetched><LastHeartBeat>2014-12-17T21:42:10.6606365-08:00</LastHeartBeat></CounterInstance><Interval>600</Interval><Status>Standby</Status></Task><Task i:type="BasicTask"><CounterInstance><Counter i:type="PerfMonCounter"><Id>9</Id><FriendlyName>Virtual Bytes LsRouterSP</FriendlyName><IsInteger>false</IsInteger><Category>Process</Category><Name>Virtual Bytes</Name><Instance>lsroutersp</Instance></Counter><Machine>PHELLSBLISST106</Machine><RunId i:nil="true"/><Started>2014-12-17T21:41:10.2722623-08:00</Started><LastFetched>2015-01-05T23:12:55.1052405-08:00</LastFetched><LastHeartBeat>2014-12-17T21:42:10.6606365-08:00</LastHeartBeat></CounterInstance><Interval>600</Interval><Status>Standby</Status></Task><Task i:type="BasicTask"><CounterInstance><Counter i:type="PerfMonCounter"><Id>10</Id><FriendlyName>Private Bytes LsRouterSP</FriendlyName><IsInteger>false</IsInteger><Category>Process</Category><Name>Private Bytes</Name><Instance>lsroutersp</Instance></Counter><Machine>PHELLSBLISST106</Machine><RunId i:nil="true"/><Started>2014-12-17T21:41:10.2722623-08:00</Started><LastFetched>2015-01-05T23:12:55.1364405-08:00</LastFetched><LastHeartBeat>2014-12-17T21:42:10.6606365-08:00</LastHeartBeat></CounterInstance><Interval>600</Interval><Status>Standby</Status></Task><Task i:type="BasicTask"><CounterInstance><Counter i:type="PerfMonCounter"><Id>11</Id><FriendlyName>MsTravob Thread Count</FriendlyName><IsInteger>true</IsInteger><Category>Process</Category><Name>Thread Count</Name><Instance>MsTravob</Instance></Counter><Machine>PHELLSBLISST106</Machine><RunId i:nil="true"/><Started>2014-12-17T21:41:10.2722623-08:00</Started><LastFetched>2015-01-05T23:12:55.1208405-08:00</LastFetched><LastHeartBeat>2014-12-17T21:42:10.6606365-08:00</LastHeartBeat></CounterInstance><Interval>600</Interval><Status>Standby</Status></Task><Task i:type="BasicTask"><CounterInstance><Counter i:type="PerfMonCounter"><Id>12</Id><FriendlyName>Virtual Bytes MsTravob</FriendlyName><IsInteger>false</IsInteger><Category>Process</Category><Name>Virtual Bytes</Name><Instance>MsTravob</Instance></Counter><Machine>PHELLSBLISST106</Machine><RunId i:nil="true"/><Started>2014-12-17T21:41:10.2722623-08:00</Started><LastFetched>2015-01-05T23:12:55.1364405-08:00</LastFetched><LastHeartBeat>2014-12-17T21:42:10.6606365-08:00</LastHeartBeat></CounterInstance><Interval>600</Interval><Status>Standby</Status></Task><Task i:type="BasicTask"><CounterInstance><Counter i:type="PerfMonCounter"><Id>13</Id><FriendlyName>Private Bytes MsTravob</FriendlyName><IsInteger>false</IsInteger><Category>Process</Category><Name>Private Bytes</Name><Instance>MsTravob</Instance></Counter><Machine>PHELLSBLISST106</Machine><RunId i:nil="true"/><Started>2014-12-17T21:41:10.2878625-08:00</Started><LastFetched>2015-01-05T23:12:55.1208405-08:00</LastFetched><LastHeartBeat>2014-12-17T21:42:10.6606365-08:00</LastHeartBeat></CounterInstance><Interval>600</Interval><Status>Standby</Status></Task></ArrayOfTask>